landmark_sequence_order,question_order,title,instructions,tile_order,name,image_path,correct
4,5,Pick 5: born in Edinburgh,"5 of the celebs below were born in Edinburgh, 4 weren't. Tap a tile to pick it - tap again to unpick. Pick as many as you think are correct, then tap the submit button. **IMPORTANT** you don't have to pick 5 - you get 1 point for each correct answer, but a minus point for a wrong answer, so be careful. You could score **+5** 🤩 but you could score **-4** 😢.",0,Tony Blair,fiftyfifty-born-edinburgh-tony-blair.jpg,true
4,5,Pick 5: born in Edinburgh,"5 of the celebs below were born in Edinburgh, 4 weren't. Tap a tile to pick it - tap again to unpick. Pick as many as you think are correct, then tap the submit button. **IMPORTANT** you don't have to pick 5 - you get 1 point for each correct answer, but a minus point for a wrong answer, so be careful. You could score **+5** 🤩 but you could score **-4** 😢.",1,Tilda Swinton,fiftyfifty-born-edinburgh-tilda-swinton.png,false
4,5,Pick 5: born in Edinburgh,"5 of the celebs below were born in Edinburgh, 4 weren't. Tap a tile to pick it - tap again to unpick. Pick as many as you think are correct, then tap the submit button. **IMPORTANT** you don't have to pick 5 - you get 1 point for each correct answer, but a minus point for a wrong answer, so be careful. You could score **+5** 🤩 but you could score **-4** 😢.",2,Sir Chris Hoy,fiftyfifty-born-edinburgh-chris-hoy.jpg,true
4,5,Pick 5: born in Edinburgh,"5 of the celebs below were born in Edinburgh, 4 weren't. Tap a tile to pick it - tap again to unpick. Pick as many as you think are correct, then tap the submit button. **IMPORTANT** you don't have to pick 5 - you get 1 point for each correct answer, but a minus point for a wrong answer, so be careful. You could score **+5** 🤩 but you could score **-4** 😢.",3,Ruth Davidson,fiftyfifty-born-edinburgh-ruth-davidson.jpg,true
4,5,Pick 5: born in Edinburgh,"5 of the celebs below were born in Edinburgh, 4 weren't. Tap a tile to pick it - tap again to unpick. Pick as many as you think are correct, then tap the submit button. **IMPORTANT** you don't have to pick 5 - you get 1 point for each correct answer, but a minus point for a wrong answer, so be careful. You could score **+5** 🤩 but you could score **-4** 😢.",4,Stephen Hendry,fiftyfifty-born-edinburgh-stephen-hendry.jpg,true
4,5,Pick 5: born in Edinburgh,"5 of the celebs below were born in Edinburgh, 4 weren't. Tap a tile to pick it - tap again to unpick. Pick as many as you think are correct, then tap the submit button. **IMPORTANT** you don't have to pick 5 - you get 1 point for each correct answer, but a minus point for a wrong answer, so be careful. You could score **+5** 🤩 but you could score **-4** 😢.",5,Ewan McGregor,fiftyfifty-born-edinburgh-ewan-mcgregor.jpg,false
4,5,Pick 5: born in Edinburgh,"5 of the celebs below were born in Edinburgh, 4 weren't. Tap a tile to pick it - tap again to unpick. Pick as many as you think are correct, then tap the submit button. **IMPORTANT** you don't have to pick 5 - you get 1 point for each correct answer, but a minus point for a wrong answer, so be careful. You could score **+5** 🤩 but you could score **-4** 😢.",6,JK Rowling,fiftyfifty-born-edinburgh-jk-rowling.jpg,false
4,5,Pick 5: born in Edinburgh,"5 of the celebs below were born in Edinburgh, 4 weren't. Tap a tile to pick it - tap again to unpick. Pick as many as you think are correct, then tap the submit button. **IMPORTANT** you don't have to pick 5 - you get 1 point for each correct answer, but a minus point for a wrong answer, so be careful. You could score **+5** 🤩 but you could score **-4** 😢.",7,Alex Salmond,fiftyfifty-born-edinburgh-alex-salmond.jpg,false
4,5,Pick 5: born in Edinburgh,"5 of the celebs below were born in Edinburgh, 4 weren't. Tap a tile to pick it - tap again to unpick. Pick as many as you think are correct, then tap the submit button. **IMPORTANT** you don't have to pick 5 - you get 1 point for each correct answer, but a minus point for a wrong answer, so be careful. You could score **+5** 🤩 but you could score **-4** 😢.",8,Kirsty Wark,fiftyfifty-born-edinburgh-kirsty-wark.jpg,true
12,5,"Pick 5: Harry Potter Inspiration","5 of these Harry Potter characters are believed to be inspired by graves in the kirkyard, 4 aren't. Tap a tile to pick it - tap again to unpick. Pick as many as you think are correct, then tap the submit button. **IMPORTANT** you don't have to pick 5 - you get 1 point for each correct answer, but a minus point for a wrong answer, so be careful. You could score **+5** 🤩 but you could score **-4** 😢.",0,McGonagall,hp-inspiration-mcgonagall.jpg,true
12,5,"Pick 5: Harry Potter Inspiration","5 of these Harry Potter characters are believed to be inspired by graves in the kirkyard, 4 aren't. Tap a tile to pick it - tap again to unpick. Pick as many as you think are correct, then tap the submit button. **IMPORTANT** you don't have to pick 5 - you get 1 point for each correct answer, but a minus point for a wrong answer, so be careful. You could score **+5** 🤩 but you could score **-4** 😢.",1,Voldemort,hp-inspiration-voldemort.jpg,true
12,5,"Pick 5: Harry Potter Inspiration","5 of these Harry Potter characters are believed to be inspired by graves in the kirkyard, 4 aren't. Tap a tile to pick it - tap again to unpick. Pick as many as you think are correct, then tap the submit button. **IMPORTANT** you don't have to pick 5 - you get 1 point for each correct answer, but a minus point for a wrong answer, so be careful. You could score **+5** 🤩 but you could score **-4** 😢.",2,Moody,hp-inspiration-moody.jpg,true
12,5,"Pick 5: Harry Potter Inspiration","5 of these Harry Potter characters are believed to be inspired by graves in the kirkyard, 4 aren't. Tap a tile to pick it - tap again to unpick. Pick as many as you think are correct, then tap the submit button. **IMPORTANT** you don't have to pick 5 - you get 1 point for each correct answer, but a minus point for a wrong answer, so be careful. You could score **+5** 🤩 but you could score **-4** 😢.",3,Sirius Black,hp-inspiration-sirius.jpg,true
12,5,"Pick 5: Harry Potter Inspiration","5 of these Harry Potter characters are believed to be inspired by graves in the kirkyard, 4 aren't. Tap a tile to pick it - tap again to unpick. Pick as many as you think are correct, then tap the submit button. **IMPORTANT** you don't have to pick 5 - you get 1 point for each correct answer, but a minus point for a wrong answer, so be careful. You could score **+5** 🤩 but you could score **-4** 😢.",4,Scrimgeour,hp-inspiration-scrimgeour.jpg,true
12,5,"Pick 5: Harry Potter Inspiration","5 of these Harry Potter characters are believed to be inspired by graves in the kirkyard, 4 aren't. Tap a tile to pick it - tap again to unpick. Pick as many as you think are correct, then tap the submit button. **IMPORTANT** you don't have to pick 5 - you get 1 point for each correct answer, but a minus point for a wrong answer, so be careful. You could score **+5** 🤩 but you could score **-4** 😢.",5,Dumbledore,hp-inspiration-dumbledore.jpg,false
12,5,"Pick 5: Harry Potter Inspiration","5 of these Harry Potter characters are believed to be inspired by graves in the kirkyard, 4 aren't. Tap a tile to pick it - tap again to unpick. Pick as many as you think are correct, then tap the submit button. **IMPORTANT** you don't have to pick 5 - you get 1 point for each correct answer, but a minus point for a wrong answer, so be careful. You could score **+5** 🤩 but you could score **-4** 😢.",6,Luna Lovegood,hp-inspiration-luna.jpg,false
12,5,"Pick 5: Harry Potter Inspiration","5 of these Harry Potter characters are believed to be inspired by graves in the kirkyard, 4 aren't. Tap a tile to pick it - tap again to unpick. Pick as many as you think are correct, then tap the submit button. **IMPORTANT** you don't have to pick 5 - you get 1 point for each correct answer, but a minus point for a wrong answer, so be careful. You could score **+5** 🤩 but you could score **-4** 😢.",7,Lucius Malfoy,hp-inspiration-lucius.jpg,false
12,5,"Pick 5: Harry Potter Inspiration","5 of these Harry Potter characters are believed to be inspired by graves in the kirkyard, 4 aren't. Tap a tile to pick it - tap again to unpick. Pick as many as you think are correct, then tap the submit button. **IMPORTANT** you don't have to pick 5 - you get 1 point for each correct answer, but a minus point for a wrong answer, so be careful. You could score **+5** 🤩 but you could score **-4** 😢.",8,Lockhart,hp-inspiration-lockhart.jpg,false
8,5,"Pick 5 - Edinburgh artists","5 of the acts below are from Edinburgh, 4 aren't. Tap a tile to pick it - tap again to unpick. Pick as many as you think are correct, then tap the submit button. **IMPORTANT** you don't have to pick 5 - you get 1 point for each correct answer, but a minus point for a wrong answer, so be careful. You could score **+5** 🤩 but you could score **-4** 😢.",0,"KT Tunstall",edinburgh-artists-kt-tunstall.png,true
8,5,"Pick 5 - Edinburgh artists","5 of the acts below are from Edinburgh, 4 aren't. Tap a tile to pick it - tap again to unpick. Pick as many as you think are correct, then tap the submit button. **IMPORTANT** you don't have to pick 5 - you get 1 point for each correct answer, but a minus point for a wrong answer, so be careful. You could score **+5** 🤩 but you could score **-4** 😢.",1,"Shirley Manson",edinburgh-artists-shirley-manson.png,true
8,5,"Pick 5 - Edinburgh artists","5 of the acts below are from Edinburgh, 4 aren't. Tap a tile to pick it - tap again to unpick. Pick as many as you think are correct, then tap the submit button. **IMPORTANT** you don't have to pick 5 - you get 1 point for each correct answer, but a minus point for a wrong answer, so be careful. You could score **+5** 🤩 but you could score **-4** 😢.",2,"The Proclaimers",edinburgh-artists-the-proclaimers.png,true
8,5,"Pick 5 - Edinburgh artists","5 of the acts below are from Edinburgh, 4 aren't. Tap a tile to pick it - tap again to unpick. Pick as many as you think are correct, then tap the submit button. **IMPORTANT** you don't have to pick 5 - you get 1 point for each correct answer, but a minus point for a wrong answer, so be careful. You could score **+5** 🤩 but you could score **-4** 😢.",3,"Edwyn Collins",edinburgh-artists-edwyn-collins.png,true
8,5,"Pick 5 - Edinburgh artists","5 of the acts below are from Edinburgh, 4 aren't. Tap a tile to pick it - tap again to unpick. Pick as many as you think are correct, then tap the submit button. **IMPORTANT** you don't have to pick 5 - you get 1 point for each correct answer, but a minus point for a wrong answer, so be careful. You could score **+5** 🤩 but you could score **-4** 😢.",4,"Bay City Rollers",edinburgh-artists-bay-city-rollers.png,true
8,5,"Pick 5 - Edinburgh artists","5 of the acts below are from Edinburgh, 4 aren't. Tap a tile to pick it - tap again to unpick. Pick as many as you think are correct, then tap the submit button. **IMPORTANT** you don't have to pick 5 - you get 1 point for each correct answer, but a minus point for a wrong answer, so be careful. You could score **+5** 🤩 but you could score **-4** 😢.",5,"Calvin Harris",edinburgh-artists-calvin-harris.png,false
8,5,"Pick 5 - Edinburgh artists","5 of the acts below are from Edinburgh, 4 aren't. Tap a tile to pick it - tap again to unpick. Pick as many as you think are correct, then tap the submit button. **IMPORTANT** you don't have to pick 5 - you get 1 point for each correct answer, but a minus point for a wrong answer, so be careful. You could score **+5** 🤩 but you could score **-4** 😢.",6,"Wet Wet Wet",edinburgh-artists-wet-wet-wet.png,false
8,5,"Pick 5 - Edinburgh artists","5 of the acts below are from Edinburgh, 4 aren't. Tap a tile to pick it - tap again to unpick. Pick as many as you think are correct, then tap the submit button. **IMPORTANT** you don't have to pick 5 - you get 1 point for each correct answer, but a minus point for a wrong answer, so be careful. You could score **+5** 🤩 but you could score **-4** 😢.",7,"Franz Ferdinand",edinburgh-artists-franz-ferdinand.png,false
8,5,"Pick 5 - Edinburgh artists","5 of the acts below are from Edinburgh, 4 aren't. Tap a tile to pick it - tap again to unpick. Pick as many as you think are correct, then tap the submit button. **IMPORTANT** you don't have to pick 5 - you get 1 point for each correct answer, but a minus point for a wrong answer, so be careful. You could score **+5** 🤩 but you could score **-4** 😢.",8,"Lulu",edinburgh-artists-lulu.png,false
15,6,"Pick 5 - Edinburgh streets!","5 of the streets below are in Edinburgh, 4 aren't. Tap a tile to pick it - tap again to unpick. Pick as many as you think are correct, then tap the submit button. **IMPORTANT** you don't have to pick 5 - you get 1 point for each correct answer, but a minus point for a wrong answer, so be careful. You could score **+5** 🤩 but you could score **-4** 😢.",0,"Candlemakers Row",,true
15,6,"Pick 5 - Edinburgh streets!","5 of the streets below are in Edinburgh, 4 aren't. Tap a tile to pick it - tap again to unpick. Pick as many as you think are correct, then tap the submit button. **IMPORTANT** you don't have to pick 5 - you get 1 point for each correct answer, but a minus point for a wrong answer, so be careful. You could score **+5** 🤩 but you could score **-4** 😢.",1,"Advocates Close",,true
15,6,"Pick 5 - Edinburgh streets!","5 of the streets below are in Edinburgh, 4 aren't. Tap a tile to pick it - tap again to unpick. Pick as many as you think are correct, then tap the submit button. **IMPORTANT** you don't have to pick 5 - you get 1 point for each correct answer, but a minus point for a wrong answer, so be careful. You could score **+5** 🤩 but you could score **-4** 😢.",2,"Bakehouse Close",,true
15,6,"Pick 5 - Edinburgh streets!","5 of the streets below are in Edinburgh, 4 aren't. Tap a tile to pick it - tap again to unpick. Pick as many as you think are correct, then tap the submit button. **IMPORTANT** you don't have to pick 5 - you get 1 point for each correct answer, but a minus point for a wrong answer, so be careful. You could score **+5** 🤩 but you could score **-4** 😢.",3,"Writers Court",,true
15,6,"Pick 5 - Edinburgh streets!","5 of the streets below are in Edinburgh, 4 aren't. Tap a tile to pick it - tap again to unpick. Pick as many as you think are correct, then tap the submit button. **IMPORTANT** you don't have to pick 5 - you get 1 point for each correct answer, but a minus point for a wrong answer, so be careful. You could score **+5** 🤩 but you could score **-4** 😢.",4,"Shoemakers Close",,true
15,6,"Pick 5 - Edinburgh streets!","5 of the streets below are in Edinburgh, 4 aren't. Tap a tile to pick it - tap again to unpick. Pick as many as you think are correct, then tap the submit button. **IMPORTANT** you don't have to pick 5 - you get 1 point for each correct answer, but a minus point for a wrong answer, so be careful. You could score **+5** 🤩 but you could score **-4** 😢.",5,"Butchers Way",,false
15,6,"Pick 5 - Edinburgh streets!","5 of the streets below are in Edinburgh, 4 aren't. Tap a tile to pick it - tap again to unpick. Pick as many as you think are correct, then tap the submit button. **IMPORTANT** you don't have to pick 5 - you get 1 point for each correct answer, but a minus point for a wrong answer, so be careful. You could score **+5** 🤩 but you could score **-4** 😢.",6,"Carpenters Court",,false
15,6,"Pick 5 - Edinburgh streets!","5 of the streets below are in Edinburgh, 4 aren't. Tap a tile to pick it - tap again to unpick. Pick as many as you think are correct, then tap the submit button. **IMPORTANT** you don't have to pick 5 - you get 1 point for each correct answer, but a minus point for a wrong answer, so be careful. You could score **+5** 🤩 but you could score **-4** 😢.",7,"Smiths Alley",,false
15,6,"Pick 5 - Edinburgh streets!","5 of the streets below are in Edinburgh, 4 aren't. Tap a tile to pick it - tap again to unpick. Pick as many as you think are correct, then tap the submit button. **IMPORTANT** you don't have to pick 5 - you get 1 point for each correct answer, but a minus point for a wrong answer, so be careful. You could score **+5** 🤩 but you could score **-4** 😢.",8,"Fletchers Fold",,false
