sequence_order,title,clue,hint_1,hint_2,solve_it_question,solve_it_answer
"2","Port Louis Casino","head southeast for about half a km - you are looking for a ship","it is not a real ship","you will need some cash to get anywhere here","How many claws at the front of the boat","16"
"3","SAJ Statue","head along the waterfront - you are looking for a statue","it is one of 3 statues of men close together","both his hands are down","The taller of the 2 PM statues, how tall is it in metres?","3.6"
"4","Aapravasi Ghat World Heritage Site","keep going in the same direction for about 350m - you are looking for a museum","it is not the slavery museum","it is a UNESCO world heritage site","To the nearest 10% - what percentage of current mauritians descend from the people this museum celebrates?","70 (if ""70%"" or ""70 percent"" is entered, this is also correct)"
"5","Jummah Masjid","now you are heading inland - cross the road carefully and prepare for it to get noisy - turn left at Queen St - walk another block and start looking for a religious building","It is not a church","it spans Queen St & Royal Rd","How many vintage lamp posts outside the Queen St Entrance?","2"
"6","Manga Street Murals","keep heading down Queen St then take a quick right and a left - you are looking for something artistic","The right turn is Emmanuel Anquetil St","Then left at Venpin","What country does this style of art originate?","Japan"
"7","China Town South Gate","next a short walk of about 170m in an Easterly direction - you are looking for a gate","The gate crosses a road","it is one of 2 gates, this is the southern most one","Which city gifted the gate to Port Louis","Foshan"
"8","Central Market Port Louis","next head west south west as the crow flies about 300m, but it is about 450 to walk - you are looking for a market","it is not a small market","its location is quite handy","What object sits above the main gate to the market?","a clock (use fuzzy logic to match)"
"9","Statue of William Newton","head to Place d'Armes - you are looking for a statue, but which one? This one shares a name with a famous scientist","he is close to a queen","his first name is the same as the great bard","His descent is Mauritian and which other country?","Scotland (also accept Scottish)"
"10","Port Louis Theatre","next you are looking for a theatrical venue - walk southeast about a quarter of a km ","it has 6 columns out front","it is a theatre","In what year was its first stone laid?","1820"
"11","Statue de Saint Louis","head down Jules Koenig St for about 300m - you are looking for another statue","it is a statue of a man, not a woman","it is in the grounds of a cathedral","what is the king's regnal number?","9"
"12","Photographic Museum Of Mauritius","the next one is not so easy to find, it is a museum, down a backstreet, with a NEGATIVE cryptic link?","it is another museum","it celebrates photography","what was the first name of its founder?","Tristan"
"13","Natural History Museum","head for a museum where you can find a real dodo (or part of one) and other wonders of the scientific world","It is located alongside Les Jardins De La Compagnie","","how many arches on its front façade","10"
"14","Bust of Queen Victoria","next head to the Port Louis transport urban terminal - you are looking for a lady you might have seen earlier on the walk","she is a queen","it is a bust, not a full length statue","how many stones are visible on the necklace","12"
"15","Caudan Arts Centre","last stop - you are heading for another theatre, which forms part of a centre - cross the tram line over a bridge to find it","you are heading back to where you started","it opened in 2018","what shape is the main feature of the large outside mural","circle (""a circle"" also correct)"
